K,ARI subsampel (rerata),ARI subsampel (sd),ARI inisialisasi (rerata),ARI inisialisasi (sd),I-Index,Dunn (rerata),Dunn (sd),Ketegasan partisi,DESC,PESC,Silhouette,Size entropy,Klaster terbesar (%),Komposit +DESC,Komposit −DESC,Terpilih
2,0.963822,0.005676,0.999292,0.000483,1.526636,0.006983,0.002417,0.353883,0.122629,0.006202251262807922,0.273388,0.676561,59.081287,0.466667,0.555556,✓
3,0.962578,0.002516,1.0,0.0,16.501016,0.003913,0.002756,0.581712,24.895621,0.022460666432100772,0.292413,0.822648,55.20166,0.686111,0.802083,
4,0.94724,0.007967,0.99949,0.000483,12.178657,0.00459,0.003656,0.473051,28.951416,23.4159727965897,0.210694,1.202019,37.701833,0.683333,0.770833,
5,0.827457,0.220612,0.995975,0.002894,9.818067,0.005066,0.004645,0.444305,34.521461,5974.339705731936,0.202224,1.473463,28.762366,0.591667,0.628472,
6,0.779996,0.19505,0.787569,0.222406,9.177408,0.002976,0.003383,0.504756,43.586297,41.32848542309663,0.256754,1.598703,27.771705,0.544444,0.541667,
7,0.75442,0.146812,0.722448,0.201845,7.423322,0.00415,0.004962,0.480361,43.622498,2266.8572985472333,0.244948,1.793793,22.270495,0.630556,0.59375,
8,0.943299,0.007985,0.997453,0.002069,6.402533,0.004066,0.004936,0.470956,43.621337,0.1596754615526392,0.230201,1.956594,21.166378,0.494444,0.451389,
9,0.853151,0.175356,0.778821,0.230941,5.43052,0.00406,0.004988,0.456093,43.694495,23995.84473180187,0.226808,2.099687,17.782082,0.447222,0.336806,
10,0.939105,0.006252,0.717975,0.230166,4.777409,0.003038,0.003522,0.45002,43.797511,31110.160218540594,0.226112,2.216284,16.345901,0.355556,0.194444,
