id_grid,level_TAS,TES terdekat,komponen_grid,komponen_TES,komponen_sama,near_miss_2m_dalam_100m,perpotongan_dalam_100m,klasifikasi
256,"Baseline, Rendah",SLB Rela Bhakti II Wates (C),0,0,True,0,0,tidak terdeteksi artefak
712,"Baseline, Rendah",Masjid Baiturrohman,0,0,True,0,0,tidak terdeteksi artefak
1152,"Baseline, Rendah, Sedang",Masjid AL ANWAR.PALIHAN 1,0,0,True,0,0,tidak terdeteksi artefak
1213,Sedang,GKJ Sentolo Pepanthan Jangkang,0,0,True,0,0,tidak terdeteksi artefak
1536,"Sedang, Tinggi",Masjid Baiturohman Sentolo Jangkang Lor,0,0,True,0,0,tidak terdeteksi artefak
1804,Sedang,Masjid Nurjihad,0,0,True,0,0,tidak terdeteksi artefak
2005,"Sedang, Tinggi",Masjid Baiturohman Sentolo Jangkang Lor,0,0,True,0,0,tidak terdeteksi artefak
2919,Sedang,Masjid Nurjihad,0,0,True,0,0,tidak terdeteksi artefak
3043,"Baseline, Rendah",SMP VIP PESAWAT,0,0,True,0,0,tidak terdeteksi artefak
3083,"Baseline, Rendah",Sendangsari Badminton Arena (SBA),0,0,True,0,0,tidak terdeteksi artefak
3591,Rendah,Mi Muhammadiyah Garongan,0,0,True,0,0,tidak terdeteksi artefak
4108,Sedang,"Saint Veronica Catholic Chapel, Kedungsari",0,0,True,0,0,tidak terdeteksi artefak
4199,Sedang,Masjid Nurjihad,0,0,True,0,0,tidak terdeteksi artefak
4484,"Baseline, Rendah, Sedang, Tinggi",SD Clereng,0,0,True,0,0,tidak terdeteksi artefak
5108,Sedang,MASJID Bani Kadarusman (LDII),0,0,True,0,0,tidak terdeteksi artefak
5481,"Baseline, Rendah, Sedang, Tinggi",SD Clereng,0,0,True,0,0,tidak terdeteksi artefak
5878,"Sedang, Tinggi",Masjid Baiturohman Sentolo Jangkang Lor,0,0,True,0,0,tidak terdeteksi artefak
5970,Sedang,Masjid An Nur,0,0,True,0,0,tidak terdeteksi artefak
6084,"Baseline, Rendah",SMP VIP PESAWAT,0,0,True,0,0,tidak terdeteksi artefak
6380,Tinggi,DKM Masjid Muqorrobin,0,0,True,0,0,tidak terdeteksi artefak
6480,"Baseline, Rendah",Masjid Baiturrohman,0,0,True,0,0,tidak terdeteksi artefak
6528,"Baseline, Rendah",MASJID BANGUN UMMAH,0,0,True,0,0,tidak terdeteksi artefak
6574,"Sedang, Tinggi",Masjid Baiturohman Sentolo Jangkang Lor,0,0,True,0,0,tidak terdeteksi artefak
6705,Tinggi,"Saint Joseph Catholic Chapel, Tukharjo",0,0,True,0,0,tidak terdeteksi artefak
6919,Sedang,Masjid An Nur,0,0,True,0,0,tidak terdeteksi artefak
7129,Sedang,Masjid An Nur,0,0,True,0,0,tidak terdeteksi artefak
7232,"Baseline, Rendah",SMP VIP PESAWAT,0,0,True,0,0,tidak terdeteksi artefak
7393,"Baseline, Rendah, Sedang, Tinggi",SD Clereng,0,0,True,0,0,tidak terdeteksi artefak
7635,Sedang,Masjid Nurjihad,0,0,True,0,0,tidak terdeteksi artefak
7644,"Baseline, Rendah",MASJID BANGUN UMMAH,0,0,True,0,0,tidak terdeteksi artefak
7834,"Baseline, Rendah, Sedang, Tinggi",Masjid Al-Ihsan,0,0,True,0,0,tidak terdeteksi artefak
7857,"Baseline, Rendah",SMP VIP PESAWAT,0,0,True,0,0,tidak terdeteksi artefak
7993,"Sedang, Tinggi",Masjid Baiturohman Sentolo Jangkang Lor,0,0,True,0,0,tidak terdeteksi artefak
8286,"Baseline, Rendah",Masjid Al Iman,0,0,True,0,0,tidak terdeteksi artefak
8538,"Baseline, Rendah",Masjid Baiturrohman,0,0,True,0,0,tidak terdeteksi artefak
8666,Sedang,GKJ Sentolo Pepanthan Jangkang,0,0,True,0,0,tidak terdeteksi artefak
8750,"Baseline, Rendah, Sedang",Masjid At Taqwa,0,0,True,0,0,tidak terdeteksi artefak
8895,"Baseline, Rendah, Sedang",BPP Sentolo,0,0,True,0,0,tidak terdeteksi artefak
8934,"Baseline, Rendah",Masjid Baiturrohman,0,0,True,0,0,tidak terdeteksi artefak
8955,"Baseline, Rendah",MASJID BANGUN UMMAH,0,0,True,0,0,tidak terdeteksi artefak
9017,Tinggi,MASJID JAMI' AL-JIHAD KLUWIH,0,0,True,0,0,tidak terdeteksi artefak
9038,Sedang,Masjid Nurjihad,0,0,True,0,0,tidak terdeteksi artefak
9061,"Baseline, Rendah",Masjid Baiturrohman,0,0,True,0,0,tidak terdeteksi artefak
9273,Sedang,MASJID Bani Kadarusman (LDII),0,0,True,0,0,tidak terdeteksi artefak
9358,"Sedang, Tinggi",Masjid Baiturohman Sentolo Jangkang Lor,0,0,True,0,0,tidak terdeteksi artefak
9632,"Baseline, Rendah",Kantor Desa Wisata Glagah,0,0,True,0,0,tidak terdeteksi artefak
9702,"Baseline, Rendah, Sedang, Tinggi",Masjid Al-Huda,0,0,True,0,0,tidak terdeteksi artefak
9956,Sedang,Koramil Sentolo,0,0,True,0,0,tidak terdeteksi artefak
10107,Sedang,SD Negeri 5 Wates,0,0,True,0,0,tidak terdeteksi artefak
10114,"Baseline, Rendah",Masjid AL ANWAR.PALIHAN 1,0,0,True,0,0,tidak terdeteksi artefak
10281,Sedang,Masjid An Nur,0,0,True,0,0,tidak terdeteksi artefak
10293,"Baseline, Rendah",Sendangsari Badminton Arena (SBA),0,0,True,0,0,tidak terdeteksi artefak
10405,Sedang,Masjid Nurjihad,0,0,True,0,0,tidak terdeteksi artefak
10530,Sedang,GKJ Sentolo Pepanthan Jangkang,0,0,True,0,0,tidak terdeteksi artefak
10545,"Baseline, Rendah, Sedang, Tinggi",Masjid Ar Rahmah,0,0,True,0,0,tidak terdeteksi artefak
10663,Tinggi,GKJ Sentolo Pepanthan Jangkang,0,0,True,0,0,tidak terdeteksi artefak
10701,Sedang,SMP Muhammadiyah 2 Sentolo,0,0,True,0,0,tidak terdeteksi artefak
10745,Sedang,Masjid An Nur,0,0,True,0,0,tidak terdeteksi artefak
11219,"Baseline, Rendah, Sedang",Masjid al afwa,0,0,True,0,0,tidak terdeteksi artefak
11668,Sedang,Masjid Nurjihad,0,0,True,0,0,tidak terdeteksi artefak
11746,"Baseline, Rendah, Sedang, Tinggi",Masjid At Taubah,0,0,True,0,0,tidak terdeteksi artefak
11859,Tinggi,MASJID JAMI' AL-JIHAD KLUWIH,0,0,True,0,0,tidak terdeteksi artefak
11948,Sedang,Masjid An Nur,0,0,True,0,0,tidak terdeteksi artefak
12021,Sedang,Koramil Sentolo,0,0,True,0,0,tidak terdeteksi artefak
12627,Sedang,Masjid Nurjihad,0,0,True,0,0,tidak terdeteksi artefak
12710,"Baseline, Rendah, Sedang, Tinggi",DKM Masjid Muqorrobin,0,0,True,0,0,tidak terdeteksi artefak
13026,Sedang,Masjid Nurjihad,0,0,True,0,0,tidak terdeteksi artefak
13056,Sedang,SD Muhammadiyah Bugel,0,0,True,0,0,tidak terdeteksi artefak
13140,"Sedang, Tinggi",Masjid Nurul Huda Jimatan,0,0,True,0,0,tidak terdeteksi artefak
13173,"Baseline, Rendah, Sedang, Tinggi",SD Negeri Jumblangan,0,0,True,0,0,tidak terdeteksi artefak
13219,Tinggi,"Saint Joseph Catholic Chapel, Tukharjo",0,0,True,0,0,tidak terdeteksi artefak
13236,Sedang,SD Muhammadiyah Bugel,0,0,True,0,0,tidak terdeteksi artefak
13328,Tinggi,Masjid Jami,0,0,True,0,0,tidak terdeteksi artefak
13621,"Baseline, Rendah, Sedang, Tinggi",MASJID-AL HIKMAH,0,0,True,0,0,tidak terdeteksi artefak
13764,Tinggi,Masjid Al - Kautsar,0,0,True,0,0,tidak terdeteksi artefak
13946,"Baseline, Rendah, Sedang, Tinggi",Masjid At Taqwa Darul Arifin,0,0,True,0,0,tidak terdeteksi artefak
13989,"Baseline, Rendah",Masjid AL ANWAR.PALIHAN 1,0,0,True,0,0,tidak terdeteksi artefak
14254,"Baseline, Rendah",GKBI Palihan (Selong),0,0,True,0,0,tidak terdeteksi artefak
14598,"Baseline, Rendah, Sedang, Tinggi",Masjid Ta'zimah Ngroto,0,0,True,0,0,tidak terdeteksi artefak
14867,"Baseline, Rendah",GKBI Palihan (Selong),0,0,True,0,0,tidak terdeteksi artefak
14990,Tinggi,Masjid At Taqwa,0,0,True,0,0,tidak terdeteksi artefak
15271,"Sedang, Tinggi",Masjid Nurul Huda Jimatan,0,0,True,0,0,tidak terdeteksi artefak
15418,Sedang,Masjid Nurul Huda Jimatan,0,0,True,0,0,tidak terdeteksi artefak
15595,"Baseline, Rendah",Masjid AL-HIDAYAH PALIHAN,0,0,True,0,0,tidak terdeteksi artefak
15645,"Sedang, Tinggi",Masjid Nurul Huda Jimatan,0,0,True,0,0,tidak terdeteksi artefak
16007,"Baseline, Rendah",Masjid Nurul Iklas,0,0,True,0,0,tidak terdeteksi artefak
16015,Sedang,Masjid An Nur,0,0,True,0,0,tidak terdeteksi artefak
16123,"Baseline, Rendah",GKBI Palihan (Selong),0,0,True,0,0,tidak terdeteksi artefak
16216,"Baseline, Rendah, Sedang, Tinggi",MASJID-AL HIKMAH,0,0,True,0,0,tidak terdeteksi artefak
16428,Rendah,Mi Muhammadiyah Garongan,0,0,True,0,0,tidak terdeteksi artefak
16438,"Baseline, Rendah, Sedang, Tinggi",Masjid Ta'zimah Ngroto,0,0,True,0,0,tidak terdeteksi artefak
16501,Sedang,Masjid Nurul Huda Jimatan,0,0,True,0,0,tidak terdeteksi artefak
16619,"Baseline, Rendah, Sedang, Tinggi",SDN Suroloyo,0,0,True,0,0,tidak terdeteksi artefak
16778,"Baseline, Rendah",SMK Ma'arif 1 Kalibawang,0,0,True,0,0,tidak terdeteksi artefak
16905,Tinggi,"Saint Joseph Catholic Chapel, Tukharjo",0,0,True,0,0,tidak terdeteksi artefak
17011,"Baseline, Rendah",Masjid Baitul Munir Glagah,0,0,True,0,0,tidak terdeteksi artefak
17082,Sedang,Masjid Nurul Huda Jimatan,0,0,True,0,0,tidak terdeteksi artefak
17118,Tinggi,"Saint Joseph Catholic Chapel, Tukharjo",0,0,True,0,0,tidak terdeteksi artefak
17227,"Baseline, Rendah",SD Negeri Mangunan Baru,0,0,True,0,0,tidak terdeteksi artefak
17290,"Baseline, Rendah",Kantor Desa Wisata Glagah,0,0,True,0,0,tidak terdeteksi artefak
17409,"Baseline, Rendah, Sedang, Tinggi",Masjid Istiqomah 2,0,0,True,0,0,tidak terdeteksi artefak
17432,"Baseline, Rendah, Sedang",Masjid al afwa,0,0,True,0,0,tidak terdeteksi artefak
17440,Sedang,SD Muhammadiyah Bugel,0,0,True,0,0,tidak terdeteksi artefak
17558,"Baseline, Rendah",Kantor Desa Wisata Glagah,0,0,True,0,0,tidak terdeteksi artefak
17663,"Baseline, Rendah, Sedang, Tinggi",SD Negeri Jumblangan,0,0,True,0,0,tidak terdeteksi artefak
17733,Tinggi,masjid al hidayah cerme IV,0,0,True,0,0,tidak terdeteksi artefak
17845,"Baseline, Rendah",GKJ Palihan,0,0,True,0,0,tidak terdeteksi artefak
18192,Rendah,Mi Muhammadiyah Garongan,0,0,True,0,0,tidak terdeteksi artefak
18206,Sedang,SD Muhammadiyah Bugel,0,0,True,0,0,tidak terdeteksi artefak
18284,"Baseline, Rendah",Kantor Desa Wisata Glagah,0,0,True,0,0,tidak terdeteksi artefak
18497,Rendah,Mi Muhammadiyah Garongan,0,0,True,0,0,tidak terdeteksi artefak
18544,Tinggi,masjid al hidayah cerme IV,0,0,True,0,0,tidak terdeteksi artefak
18583,"Baseline, Rendah, Sedang",Masjid al afwa,0,0,True,0,0,tidak terdeteksi artefak
19256,Rendah,Mi Muhammadiyah Garongan,0,0,True,0,0,tidak terdeteksi artefak
19702,"Baseline, Rendah",Kantor Desa Wisata Glagah,0,0,True,0,0,tidak terdeteksi artefak
19767,Sedang,SD Negeri Jurug,0,0,True,0,0,tidak terdeteksi artefak
19779,"Baseline, Rendah",Kantor Desa Wisata Glagah,0,0,True,0,0,tidak terdeteksi artefak
19787,Rendah,Mi Muhammadiyah Garongan,0,0,True,0,0,tidak terdeteksi artefak
19847,Sedang,Masjid Nurul Huda Jimatan,0,0,True,0,0,tidak terdeteksi artefak
20037,"Sedang, Tinggi",Masjid Nurul Huda Jimatan,0,0,True,0,0,tidak terdeteksi artefak
20081,"Baseline, Rendah",GKBI Palihan (Selong),0,0,True,0,0,tidak terdeteksi artefak
20385,Tinggi,masjid al hidayah cerme IV,0,0,True,0,0,tidak terdeteksi artefak
20403,Sedang,SD Muhammadiyah Bugel,0,0,True,0,0,tidak terdeteksi artefak
20620,Sedang,Masjid Nurul Huda Jimatan,0,0,True,0,0,tidak terdeteksi artefak
20764,"Baseline, Rendah",Masjid Baitul Munir Glagah,0,0,True,0,0,tidak terdeteksi artefak
20950,"Baseline, Rendah",GKBI Palihan (Selong),0,0,True,0,0,tidak terdeteksi artefak
20989,"Baseline, Rendah",GKJ Temon Pepantan Glagah,0,0,True,0,0,tidak terdeteksi artefak
21012,Tinggi,Masjid Nurul Huda Jimatan,0,0,True,0,0,tidak terdeteksi artefak
21194,Sedang,SMK Muhammadiyah 2 Wates (UNIT 1),0,0,True,0,0,tidak terdeteksi artefak
21384,Sedang,Masjid al afwa,0,0,True,0,0,tidak terdeteksi artefak
21421,"Baseline, Rendah",GKBI Palihan (Selong),0,0,True,0,0,tidak terdeteksi artefak
21653,Rendah,Mi Muhammadiyah Garongan,0,0,True,0,0,tidak terdeteksi artefak
21910,Sedang,SD Muhammadiyah Bugel,0,0,True,0,0,tidak terdeteksi artefak
22130,"Sedang, Tinggi",Masjid Nurul Huda Jimatan,0,0,True,0,0,tidak terdeteksi artefak
22145,Rendah,Mi Muhammadiyah Garongan,0,0,True,0,0,tidak terdeteksi artefak
22271,"Sedang, Tinggi",Masjid Nurul Huda Jimatan,0,0,True,0,0,tidak terdeteksi artefak
22574,Sedang,SD Negeri Jurug,0,0,True,0,0,tidak terdeteksi artefak
22663,"Baseline, Rendah",Kantor Desa Wisata Glagah,0,0,True,0,0,tidak terdeteksi artefak
22666,Sedang,Masjid Nurul Huda Jimatan,0,0,True,0,0,tidak terdeteksi artefak
