Kalurahan/Village,Penduduk
Banaran,5537
Banguncipto,4045
Banjararum,9250
Banjarharjo,7488
Banjaroyo,8504
Banjarasri,3127
Banjarsari,4426
Banyuroto,4243
Bendungan,7124
Bojong,4369
Brosot,4873
Bugel,4499
Bumirejo,9388
Cerme,3814
Demangrejo,3384
Demen,1484
Depok,3171
Donomulyo,6656
Garongan,3794
Gerbosari,4687
Giripeni,8533
Giripurwo,6959
Glagah,2958
Gotakan,3062
Gulurejo,7476
Hargomulyo,7855
Hargorejo,9559
Hargotirto,7131
Hargowilis,6558
Jangkaran,2008
Janten,1379
Jatimulyo,7376
Jatirejo,6940
Jatisarono,5181
Kaliagung,6307
Kalidengen,1451
Kaligintung,1792
Kalirejo,4711
Kanoman,2120
Karangwuluh,1071
Karangsari,11163
Karangsewu,8378
Karangwuni,3618
Kebonrejo,1477
Kebonharjo,2286
Kedundang,2491
Kedungsari,4734
Kembang,4934
Kranggan,2547
Krembangan,5555
Kulur,2844
Kulwaru,2945
Margosari,6621
Ngargosari,4116
Ngentakrejo,7475
Ngestiharjo,3462
Nomporejo,2236
Pagerharjo,4921
Palihan,2126
Pandowan,2127
Panjatan,1535
Pendoworejo,5659
Pengasih,10170
Pleret,4969
Plumbon,2468
Purwoharjo,3459
Purwosari,4714
Salamrejo,5694
Sendangsari,10191
Sentolo,8503
Sidoharjo,5087
Sidomulyo,5549
Sidorejo,8170
Sindutan,2286
Sogan,2101
Srikayangan,5317
Sukoreno,8492
Tanjungharjo,4755
Tawangsari,4929
Tayuban,2351
Temon Kulon,1756
Temon Wetan,1580
Tirtorahayu,7136
Triharjo,7629
Tuksono,8682
Wahyuharjo,1955
Wates,13984
Wijimulyo,5527
